{
  "case_name": "my_design",
  "D0": 6.7,
  "D1": 9.0,
  "Db": 10.0,
  "Ls": 18.7,
  "La": 2.5,
  "Lb": 3.5,
  "epsilon": 0.23,
  "p0": 14330.0,
  "d_p": 0.01935,
  "F_b": 2942,
  "F_0": 265000.0,
  "w_0": 0.041,
  "v_0": 0.027,
  "c_H0": 4.505,
  "c_L0": 0.4281,
  "T_we": 305,
  "U": 10,
  "W_o": 230630.0,
  "W_c": 68000.0,
  "W_L": 11226.0,
  "d_o": 0.02,
  "phi_o": 0.8,
  "epsilon_o": 0.4,
  "rho_po": 1948,
  "d_c": 0.053,
  "phi_c": 0.7,
  "epsilon_c": 0.45,
  "rho_pc": 477,
  "d_L": 0.0331,
  "phi_L": 0.9,
  "epsilon_L": 0.25,
  "rho_pL": 1599,
  "F_o": 118.39322381930185,
  "F_c": 142.55765199161425,
  "F_L": 7.0206378986866795,
  "Fs": 267.9715137096028,
  "N_o": 82312.24274349354,
  "N_c": 5325.869250767474,
  "N_L": 1076.763110380673,
  "F_mH": 1207.2116692617606,
  "rho_S": 2600,
  "W_S": 49000.0,
  "rho_W": 3800,
  "T_in": 1672,
  "t_in": 505,
  "fs_in": 0.0,
  "fl_in": 0.0,
  "x_in": 0.365,
  "y_in": 0.0,
  "w_in": 0.063,
  "rhob_in": 1268,
  "p_in": 14330.0,
  "H0": 0.0,
  "H1": 4.0,
  "H2": 12.0,
  "H3": 16.0,
  "HH": 20,
  "value0": [
    595,
    505,
    0,
    0,
    0.243,
    0.174,
    0.04,
    1268,
    14800.0
  ],
  "value1": [
    830,
    833,
    0.04,
    0,
    0.273,
    0.149,
    0.04,
    1259,
    19400.0
  ],
  "value2": [
    1100,
    1090,
    0.35,
    0.17,
    0.347,
    0.077,
    0.04,
    1220,
    24900.0
  ],
  "value3": [
    1189,
    1189,
    0.67,
    0.94,
    0.415,
    0,
    0.043,
    1157,
    26900.0
  ],
  "valueH": [
    1672,
    1548,
    0.92,
    1,
    0.365,
    0.0,
    0.063,
    1040,
    29000.0
  ],
  "initial_mesh": 2000
}