param,value,case_name,H0,HH,T_out,t_out,fs_out,fl_out,x_out,y_out,w_out,rhob_out,p_bottom,profile_rmse
U,8.0,default_case_U_8,0.0,20.0,638.838816007795,1624.1624498378387,0.9095537105390689,0.9999858029694213,0.16078024537162572,0.23735318335420333,0.04758078216399187,1030.3269931836278,32999.75909692743,9151.964383301898
U,9.0,default_case_U_9,0.0,20.0,636.6360988866402,1623.0782838694852,0.9076167244782949,0.9994354214990773,0.1608294506993863,0.23714062519065393,0.04765687638635793,1030.8953099091566,32902.98542682049,9125.362010646666
U,10.0,default_case_U_10,0.0,20.0,634.4167940943564,1622.0353138193263,0.9056357820020852,0.9983894438706847,0.1609076820580151,0.23690030013030552,0.047731399172107086,1031.47875097962,32805.64767634035,9098.550159729826
U,11.0,default_case_U_11,0.0,20.0,632.1830992568954,1621.0196718851214,0.9036145168300901,0.9969992112159374,0.16101605116762763,0.23663254414637822,0.04780345579904453,1032.0732031255598,32707.84776846879,9071.556591985478
U,12.0,default_case_U_12,0.0,20.0,629.9365139290791,1620.0256317175276,0.9015558946769111,0.9953387502616138,0.1611547775933398,0.23633771274373458,0.04787216638133422,1032.6765160215277,32609.650763307927,9044.399573912282
